,energy,Sb-271-281-291-301-s,Sb-271-281-291-301-p,Sb-271-281-291-301-d,Te-1:5-s,Te-1:5-p,Te-1:5-d
0,-14.242510630000002,0.0,0.0,0.0,0.0,0.0,0.0
1,-14.210510630000002,0.0,0.0,0.0,0.0,0.0,0.0
2,-14.17951063,0.0,0.0,0.0,0.0,0.0,0.0
3,-14.14751063,0.0,0.0,0.0,0.0,0.0,0.0
4,-14.11551063,0.0,0.0,0.0,0.0,0.0,0.0
5,-14.08451063,0.0,0.0,0.0,0.0,0.0,0.0
6,-14.05251063,0.0,0.0,0.0,0.0,0.0,0.0
7,-14.021510630000002,0.0,0.0,0.0,0.0,0.0,0.0
8,-13.989510630000002,0.0,0.0,0.0,0.0,0.0,0.0
9,-13.95851063,0.0,0.0,0.0,0.0,0.0,0.0
10,-13.92651063,0.0,0.0,0.0,0.0,0.0,0.0
11,-13.89451063,0.0,0.0,0.0,0.0,0.0,0.0
12,-13.86351063,0.0,0.0,0.0,0.0,0.0,0.0
13,-13.83151063,0.0,0.0,0.0,0.0,0.0,0.0
14,-13.800510630000002,0.0,0.0,0.0,0.0,0.0,0.0
15,-13.768510630000002,0.0,0.0,0.0,0.0,0.0,0.0
16,-13.736510630000001,0.0,0.0,0.0,0.0,0.0,0.0
17,-13.70551063,0.0,0.0,0.0,0.0,0.0,0.0
18,-13.673510629999999,0.0,0.0,0.0,0.0,0.0,0.0
19,-13.64251063,0.0,0.0,0.0,0.0,0.0,0.0
20,-13.61051063,0.0,0.0,0.0,0.0,0.0,0.0
21,-13.579510630000001,0.0,0.0,0.0,0.0,0.0,0.0
22,-13.547510630000001,0.0,0.0,0.0,0.0,0.0,0.0
23,-13.515510630000001,0.0,0.0,0.0,0.0,0.0,0.0
24,-13.48451063,0.0,0.0,0.0,0.0,0.0,0.0
25,-13.45251063,0.0,0.0,0.0,0.0,0.0,0.0
26,-13.42151063,0.0,0.0,0.0,0.0,0.0,0.0
27,-13.38951063,1.5786e-19,1.159151e-21,7.721115500000001e-23,6.21e-19,1.011661e-21,9.104822032000001e-23
28,-13.358510630000001,1.135e-16,8.33358e-19,5.5514353e-20,4.4658000000000005e-16,7.275310000000001e-19,6.546581630899999e-20
29,-13.326510630000001,6.806800000000001e-14,4.99801e-16,3.3292818e-17,2.6781e-13,4.363338e-16,3.9260677829e-17
30,-13.294510630000001,1.8648e-11,1.369416e-13,9.121760999999998e-15,7.337e-11,1.195264e-13,1.0756171686299999e-14
31,-13.26351063,2.3459e-09,1.722882e-11,1.1476191e-12,9.23e-09,1.5039389999999997e-11,1.3532093381e-12
32,-13.23151063,1.3646000000000002e-07,1.002316e-09,6.676542e-11,5.367999999999999e-07,8.75026e-10,7.868689586e-11
33,-13.20051063,3.7261e-06,2.7391099999999996e-08,1.8240759000000001e-09,1.4647e-05,2.395536e-08,2.1468695599999997e-09
34,-13.16851063,5.0121000000000003e-05,3.6945099999999994e-07,2.4618814999999998e-08,0.00019679000000000002,3.26448e-07,2.88400557e-08
35,-13.13651063,0.00038753,2.87847e-06,1.9296451000000003e-07,0.0015247,2.664389e-06,2.2349756199999998e-07
36,-13.105510630000001,0.0022824,1.71043e-05,1.1705713999999999e-06,0.009148,1.760885e-05,1.3445983e-06
37,-13.073510630000001,0.0106895,8.00921e-05,5.642340900000001e-06,0.044292,9.20149e-05,6.54464064e-06
38,-13.04251063,0.031091,0.0002322552,1.6772805e-05,0.13306,0.0002903447,1.98044292e-05
39,-13.01051063,0.049951,0.000381262,2.767092e-05,0.21898,0.0005182309999999999,3.33154755e-05
40,-12.97951063,0.051085000000000005,0.000450861,3.008088e-05,0.22439,0.000694488,3.7544384799999995e-05
41,-12.94751063,0.05198,0.000624185,3.358889e-05,0.21591000000000002,0.001055648,4.4247147299999995e-05
42,-12.91551063,0.066631,0.0009782530000000001,4.442948e-05,0.23897000000000002,0.00150835,5.4886076e-05
43,-12.884510630000001,0.088198,0.00154345,6.031139e-05,0.29057,0.00180511,6.3137148e-05
44,-12.852510630000001,0.10181699999999999,0.00266533,7.946003999999999e-05,0.41130999999999995,0.00222141,7.961075999999999e-05
45,-12.82151063,0.12318500000000002,0.00455154,0.00010894887000000001,0.6125,0.00290402,0.00010596095
46,-12.78951063,0.162575,0.00617986,0.0001421559,0.7826,0.00356769,0.0001275214
47,-12.75851063,0.17942999999999998,0.0062574,0.0001501565,0.8352999999999999,0.00415596,0.0001473839
48,-12.72651063,0.17198999999999998,0.0052580100000000005,0.00013480079999999997,0.8756,0.004657280000000001,0.00018262259999999998
49,-12.69451063,0.15635000000000002,0.0043526699999999995,0.00012052149999999999,0.9137000000000001,0.00479963,0.00021654710000000002
50,-12.663510630000001,0.13332,0.0043652299999999995,0.0001300816,0.8865000000000001,0.0049924,0.00022918249999999998
51,-12.631510630000001,0.1255,0.005619540000000001,0.0001710792,0.8583000000000001,0.0058243,0.0002325589
52,-12.60051063,0.12797999999999998,0.006904700000000001,0.00019541540000000003,0.8882999999999999,0.0067776,0.000230068
53,-12.56851063,0.12813,0.0076871000000000005,0.0001840328,1.0299,0.0077467,0.0002382135
54,-12.53651063,0.13544,0.0086607,0.00019803280000000003,1.0848,0.008281,0.0002440483
55,-12.50551063,0.15552,0.009174700000000001,0.00026992049999999994,0.9638,0.0081866,0.0002377035
56,-12.47351063,0.15974,0.008595700000000001,0.00033941700000000006,0.9457599999999999,0.0082405,0.0002477154
57,-12.442510630000001,0.12738,0.0077841,0.000345903,1.1178,0.0078476,0.000264536
58,-12.410510630000001,0.10567,0.0078459,0.000335346,1.4425000000000001,0.0070253,0.000294551
59,-12.37951063,0.1206,0.008823600000000001,0.00037656900000000005,1.7917999999999998,0.0067038,0.000349797
60,-12.34751063,0.13326,0.009602500000000002,0.000431583,1.7642,0.0065041000000000005,0.00035408499999999997
61,-12.31551063,0.14275,0.009996499999999998,0.00043595000000000005,1.4559000000000002,0.0063116000000000005,0.000300983
62,-12.28451063,0.18847999999999998,0.0102814,0.00041955899999999996,1.2969,0.0067692,0.00027872899999999997
63,-12.25251063,0.25432,0.0101059,0.00041114700000000005,1.2711999999999999,0.007552099999999999,0.000296754
64,-12.221510630000001,0.27774,0.010232600000000001,0.00041646000000000006,1.1937000000000002,0.0082974,0.000338067
65,-12.189510630000001,0.23777,0.011221100000000001,0.000460978,1.0642,0.008888,0.000407568
66,-12.15851063,0.186,0.0119145,0.000544674,1.0150000000000001,0.0088095,0.000463208
67,-12.12651063,0.17674,0.0121987,0.000638554,1.1443,0.0090605,0.0005101099999999999
68,-12.09451063,0.21822,0.014100799999999998,0.000707183,1.5545999999999998,0.0109065,0.000589008
69,-12.06351063,0.28293,0.0174592,0.000735612,2.1897,0.0131809,0.000655798
70,-12.03151063,0.32137,0.0190499,0.000701409,2.6794999999999995,0.0143811,0.000662433
71,-12.00051063,0.32227,0.018868000000000003,0.000651263,2.809,0.014366899999999998,0.000610998
72,-11.96851063,0.3184,0.019531299999999998,0.000674841,2.7641,0.013824199999999998,0.000551451
73,-11.93651063,0.31212999999999996,0.020322,0.0007474769999999999,2.7445999999999997,0.0132572,0.000546394
74,-11.90551063,0.30841,0.021325999999999998,0.00086716,2.9177,0.013226,0.000640282
75,-11.87351063,0.32872,0.024917599999999998,0.001158711,3.3885000000000005,0.014044599999999999,0.000779761
76,-11.84251063,0.35192,0.0296996,0.001592782,3.8974,0.015142099999999999,0.0008423629999999999
77,-11.81051063,0.35103999999999996,0.032190300000000005,0.0018961730000000001,3.9972000000000003,0.0169433,0.0008753789999999999
78,-11.77951063,0.32627,0.0324783,0.0019272640000000001,3.6225,0.019679999999999996,0.0009449980000000001
79,-11.74751063,0.28575999999999996,0.031999400000000004,0.001753057,3.0572,0.0204002,0.000929238
80,-11.71551063,0.26832999999999996,0.030460000000000004,0.001574603,2.5938,0.018432300000000002,0.000773675
81,-11.68451063,0.29052999999999995,0.0284465,0.001499174,2.5984,0.0179412,0.000642772
82,-11.65251063,0.31831,0.0261691,0.001408855,2.9465000000000003,0.020826300000000002,0.00062162
83,-11.62151063,0.32788,0.024548499999999997,0.0014462879999999998,3.2789,0.0241801,0.000673468
84,-11.58951063,0.33897,0.0256304,0.0017723190000000003,3.5023999999999997,0.025805599999999998,0.000831816
85,-11.55851063,0.35597,0.0279614,0.002009338,3.5467999999999997,0.0267921,0.001072603
86,-11.52651063,0.32714,0.027367500000000003,0.001833476,3.3108000000000004,0.027004600000000004,0.001219999
87,-11.49451063,0.26080000000000003,0.0237166,0.001455382,2.8577000000000004,0.024805499999999998,0.0012114909999999999
88,-11.46351063,0.23373,0.0205603,0.001176613,2.3756,0.0232977,0.001197707
89,-11.43151063,0.24364999999999998,0.019264000000000003,0.0010376229999999999,1.9939,0.025541,0.0012440349999999999
90,-11.40051063,0.23726000000000003,0.0180858,0.0009280349999999999,1.7261000000000002,0.028377899999999998,0.001230343
91,-11.36851063,0.24695,0.017484899999999998,0.0009234860000000001,1.5682,0.029657799999999998,0.001154604
92,-11.33651063,0.31368,0.019781800000000002,0.001193923,1.5854,0.0295917,0.001123515
93,-11.30551063,0.39108,0.0229492,0.001628377,1.7321,0.0286041,0.001149317
94,-11.27351063,0.44092,0.0235905,0.0019729329999999996,1.7692999999999999,0.028210900000000004,0.0012161759999999998
95,-11.242510630000002,0.4571,0.023034199999999998,0.002110075,1.5333999999999999,0.027746599999999996,0.001268202
96,-11.210510630000002,0.4302,0.0229689,0.002000629,1.2152,0.026990999999999998,0.001191868
97,-11.17951063,0.3932,0.0230125,0.001714374,1.0631,0.0277486,0.001078863
98,-11.14751063,0.35599,0.02359,0.001434098,1.0931,0.030674,0.001134762
99,-11.11551063,0.3086,0.025759699999999996,0.001384739,1.3155000000000001,0.035102499999999995,0.0013329190000000001
100,-11.08451063,0.26888,0.027458399999999997,0.0014786549999999997,1.6639000000000002,0.0384794,0.001426448
101,-11.05251063,0.25265000000000004,0.0265792,0.001468441,1.8352,0.0390922,0.0013187440000000002
102,-11.021510630000002,0.24772,0.024196899999999997,0.0013541999999999998,1.6768999999999998,0.037377400000000005,0.001187556
103,-10.989510630000002,0.24436999999999998,0.021602700000000002,0.001231613,1.3822999999999999,0.0329415,0.0011407960000000001
104,-10.95851063,0.25931,0.019187799999999998,0.001144632,1.1387,0.0278571,0.001160293
105,-10.92651063,0.32731,0.018577000000000003,0.001091096,0.9342,0.025040799999999995,0.001166993
106,-10.89451063,0.52622,0.0237237,0.001291328,0.8822300000000001,0.025931799999999998,0.001227587
107,-10.86351063,0.81271,0.031768500000000005,0.001791745,1.03083,0.028648800000000002,0.001353683
108,-10.83151063,0.98385,0.0344456,0.002186787,1.16582,0.0296267,0.0014104349999999998
109,-10.80051063,1.0435699999999999,0.0331292,0.002389601,1.19903,0.029436,0.0014536689999999999
110,-10.76851063,1.03444,0.0311008,0.0024734170000000003,1.16749,0.028519100000000002,0.001470015
111,-10.736510630000001,0.7838700000000001,0.025528099999999998,0.002124613,0.99843,0.025478,0.0013179139999999999
112,-10.705510630000001,0.47179,0.0204815,0.0015430490000000001,0.74996,0.0224482,0.0011257270000000002
113,-10.67351063,0.3913,0.021626,0.001342591,0.6538,0.023535399999999998,0.001128233
114,-10.64251063,0.48738000000000004,0.025239700000000004,0.001489674,0.8039,0.027381000000000003,0.0013729550000000001
115,-10.61051063,0.63948,0.0271358,0.001726549,1.1094,0.030233999999999997,0.001779054
116,-10.579510630000001,0.7961,0.0277972,0.001955001,1.2601,0.030635100000000002,0.0021290449999999995
117,-10.547510630000001,0.8484,0.027874799999999998,0.002035581,1.13595,0.0283773,0.002280898
118,-10.515510630000001,0.72963,0.027344,0.00189628,0.9937400000000001,0.025148500000000004,0.002258914
119,-10.48451063,0.57189,0.0257917,0.0015526609999999999,0.84902,0.0236778,0.002055547
120,-10.45251063,0.504,0.0246748,0.0012404920000000002,0.70662,0.0245164,0.001779067
121,-10.42151063,0.5038,0.025811399999999998,0.0011924820000000001,0.75156,0.0252003,0.001609551
122,-10.38951063,0.54266,0.028841900000000004,0.0014011199999999998,0.9033800000000001,0.025968699999999997,0.001715534
123,-10.358510630000001,0.6637000000000001,0.033359,0.001817984,0.97272,0.0302978,0.0021122350000000005
124,-10.326510630000001,0.8205,0.037842600000000004,0.002259059,0.96137,0.0355779,0.002553525
125,-10.294510630000001,0.8092,0.0375889,0.002275644,0.8818499999999999,0.037141,0.0027385409999999997
126,-10.26351063,0.6503,0.033632499999999996,0.001842586,0.7693300000000001,0.038141,0.0027970900000000003
127,-10.23151063,0.5501,0.0340014,0.001500104,0.7409399999999999,0.042217000000000005,0.0031702969999999994
128,-10.20051063,0.5039199999999999,0.0370808,0.0014607919999999998,0.73593,0.04674299999999999,0.00381314
129,-10.16851063,0.48917,0.038776200000000004,0.001665918,0.66818,0.051113,0.00428545
130,-10.13651063,0.53023,0.040545,0.0020394510000000003,0.5734,0.055358,0.004169521000000001
131,-10.105510630000001,0.60226,0.04252,0.0023621510000000003,0.51439,0.062861,0.0038606689999999997
132,-10.073510630000001,0.6977,0.0440005,0.0027140239999999998,0.5123899999999999,0.073171,0.0039123100000000004
133,-10.04251063,0.8008,0.0442945,0.00323631,0.55587,0.075999,0.004167792
134,-10.01051063,0.8512,0.042744,0.003472531,0.59452,0.072403,0.0041729079999999995
135,-9.97951063,0.8717999999999999,0.041773000000000005,0.0032767160000000003,0.614,0.07098499999999999,0.00393685
136,-9.94751063,0.9765,0.04263,0.003068797,0.5909,0.0707,0.0040469
137,-9.91551063,1.226,0.044909000000000004,0.00305025,0.50347,0.071503,0.00455215
138,-9.884510630000001,1.4059,0.048185000000000006,0.003179644,0.41550999999999993,0.07421799999999999,0.00483931
139,-9.852510630000001,1.33,0.052067,0.003509394,0.38024,0.075979,0.00477257
140,-9.82151063,1.1532,0.05573,0.00410754,0.39259,0.074434,0.00493791
141,-9.78951063,1.0525,0.053815,0.004750348,0.44395,0.069803,0.00551743
142,-9.75751063,1.1194,0.047421,0.005045282000000001,0.51898,0.06519900000000001,0.00592495
143,-9.72651063,1.3314000000000001,0.044804,0.004964996,0.6051799999999999,0.06300599999999999,0.0058092099999999995
144,-9.69451063,1.4771999999999998,0.045192,0.00454333,0.67362,0.060377,0.00522626
145,-9.663510630000001,1.3627,0.043401999999999996,0.003903559,0.65657,0.0552406,0.004587549999999999
146,-9.631510630000001,1.1276000000000002,0.042014,0.003584245,0.6106900000000001,0.05268540000000001,0.00437963
147,-9.60051063,1.2027999999999999,0.046857,0.003732674,0.6405000000000001,0.056794800000000006,0.00444491
148,-9.56851063,1.5253999999999999,0.053616,0.003755618,0.6864,0.063278,0.00421376
149,-9.53651063,1.6412,0.053948,0.0035294460000000003,0.7031700000000001,0.06725300000000001,0.00397933
150,-9.50551063,1.5489,0.051473000000000005,0.0034700900000000003,0.70591,0.068666,0.00449122
151,-9.47351063,1.4605000000000001,0.051651,0.00348321,0.59983,0.066604,0.005460252999999999
152,-9.442510630000001,1.5123,0.053539,0.0034466919999999995,0.44534,0.065156,0.0059878100000000005
153,-9.410510630000001,1.6351,0.053161,0.0034772780000000003,0.37895,0.067022,0.005670589
154,-9.37951063,1.5771,0.050483,0.00355134,0.37902,0.065831,0.004965691
155,-9.34751063,1.3256999999999999,0.046676999999999996,0.00344575,0.38164000000000003,0.057866,0.0042288690000000006
156,-9.31551063,1.1942,0.045171,0.0032790300000000005,0.36823000000000006,0.050974,0.0037105000000000003
157,-9.28451063,1.3218999999999999,0.05122,0.00340963,0.32284,0.053272,0.0038614
158,-9.25251063,1.543,0.062473,0.003947549999999999,0.28756,0.063033,0.00450824
159,-9.221510630000001,1.6199000000000001,0.068365,0.0044646600000000005,0.30415,0.073024,0.0049479699999999995
160,-9.189510630000001,1.3954,0.061767,0.004276230000000001,0.32481999999999994,0.074639,0.00465456
161,-9.15751063,1.0729,0.05092,0.003535998,0.30432,0.066539,0.00383907
162,-9.12651063,0.9781,0.045977000000000004,0.0028856619999999998,0.26425,0.059849000000000006,0.00347465
163,-9.09451063,1.1511,0.045034,0.002618393,0.25149,0.063181,0.00409141
164,-9.06351063,1.4313,0.04372,0.00266892,0.26261999999999996,0.071271,0.004856557
165,-9.03151063,1.5043000000000002,0.041748,0.0027361950000000003,0.27031,0.074436,0.004717661
166,-9.00051063,1.303,0.040106,0.002710992,0.26710999999999996,0.074577,0.0040433710000000005
167,-8.96851063,1.159,0.037680000000000005,0.002578624,0.25342,0.071537,0.00352393
168,-8.93651063,1.1273,0.034010200000000004,0.002379841,0.2513,0.06415,0.003290768
169,-8.90551063,1.0399,0.030870500000000002,0.0022668000000000002,0.25714,0.057855,0.003237439
170,-8.87351063,0.8809,0.0289658,0.002345977,0.23693999999999998,0.05219,0.003179447
171,-8.84251063,0.7965,0.029328299999999998,0.002620414,0.20013,0.049659,0.003241501
172,-8.81051063,0.8463999999999999,0.032199399999999996,0.002886891,0.18444,0.054636,0.0035614220000000003
173,-8.77951063,0.9296,0.037956899999999995,0.0029677509999999994,0.20403000000000002,0.065549,0.00421036
174,-8.74751063,1.04,0.045719,0.0029175370000000004,0.23395,0.075156,0.00489676
175,-8.71551063,1.1415,0.050214999999999996,0.002855007,0.24758,0.074533,0.00508542
176,-8.68451063,1.1678,0.049084,0.002852689,0.25673,0.068227,0.004987742999999999
177,-8.65251063,1.2,0.045514000000000006,0.00290931,0.25498,0.063917,0.004786584
178,-8.62151063,1.2393,0.044201000000000004,0.00296169,0.24563000000000001,0.061770000000000005,0.004438542
179,-8.58951063,1.1558,0.044834,0.00304518,0.25843,0.061178,0.00412301
180,-8.55751063,1.0166,0.046528,0.0033428899999999994,0.29434,0.064197,0.0041677500000000004
181,-8.52651063,0.9343999999999999,0.047649000000000004,0.0036079289999999997,0.31567,0.06807099999999999,0.00450253
182,-8.49451063,0.859,0.047539,0.003501112,0.30188,0.067272,0.00479979
183,-8.46351063,0.8162,0.049625,0.003396838,0.27105999999999997,0.064274,0.00512513
184,-8.43151063,0.8984,0.052263,0.0035149749999999996,0.23970999999999998,0.06531,0.0054099
185,-8.40051063,1.0068000000000001,0.053382000000000006,0.003543312,0.2147,0.070161,0.0056221299999999995
186,-8.368510630000001,1.0221,0.053485000000000005,0.0034245199999999995,0.20307000000000003,0.073784,0.00570559
187,-8.336510630000001,0.9088999999999999,0.050530000000000005,0.00315556,0.20209,0.070851,0.005036219999999999
188,-8.30551063,0.7873,0.045753999999999996,0.002906199,0.20389,0.064133,0.00404993
189,-8.27351063,0.8515,0.04284,0.0031681950000000004,0.21465,0.06449099999999999,0.00394172
190,-8.24251063,0.9755,0.04445400000000001,0.00364231,0.21540000000000004,0.072722,0.0045109699999999996
191,-8.21051063,0.9522999999999999,0.05128100000000001,0.0038553800000000003,0.18746000000000002,0.082979,0.005054800000000001
192,-8.179510630000001,0.8876000000000002,0.057822,0.004223185,0.17227,0.09094200000000001,0.0053625700000000005
193,-8.147510630000001,0.9213,0.061986,0.004810269,0.20595,0.09242,0.00529154
194,-8.115510630000001,1.0259,0.067356,0.004792843,0.24156,0.08785899999999999,0.005014749999999999
195,-8.08451063,1.1069,0.071152,0.004153998000000001,0.21874,0.08111299999999999,0.00464433
196,-8.05251063,1.1578,0.069624,0.00387747,0.17986999999999997,0.07686,0.0043051899999999995
197,-8.02151063,1.344,0.063543,0.0041369,0.17574,0.07677600000000001,0.0042445
198,-7.989510630000001,1.5547000000000002,0.057884000000000005,0.00460523,0.19908000000000003,0.07564,0.00437808
199,-7.957510630000001,1.492,0.060188000000000005,0.0047158899999999995,0.23862000000000003,0.069483,0.004496839999999999
200,-7.92651063,1.3334,0.065907,0.004238517,0.27009,0.063317,0.0045260000000000005
201,-7.89451063,1.2328,0.060871999999999996,0.003586218,0.25329999999999997,0.059156,0.004347759999999999
202,-7.86351063,1.067,0.048361,0.003055795,0.19716,0.055856,0.00390078
203,-7.83151063,0.89766,0.0398698,0.002763086,0.15161,0.054674999999999994,0.0034593000000000002
204,-7.800510630000001,0.7780499999999999,0.0347237,0.002643284,0.13666,0.055996000000000004,0.00321702
205,-7.768510630000001,0.60056,0.028219199999999996,0.00228565,0.13381,0.054746,0.00288505
206,-7.736510630000001,0.5280100000000001,0.025981200000000003,0.002052626,0.15142999999999998,0.05229,0.0026712899999999998
207,-7.70551063,0.6573599999999999,0.030968000000000002,0.0022375050000000003,0.18958,0.055351,0.00292341
208,-7.673510630000001,0.7867000000000001,0.0348836,0.00247286,0.20597,0.061173000000000005,0.0033963
209,-7.64251063,0.782,0.0334231,0.00247356,0.17234,0.061031,0.003503644
210,-7.61051063,0.6589,0.0317244,0.00219635,0.12214,0.057101,0.003186906
211,-7.579510630000001,0.49979,0.0316165,0.00179591,0.09318,0.053555000000000005,0.0029119980000000003
212,-7.5475106300000006,0.36299,0.028353,0.001410958,0.077453,0.047037999999999996,0.00269195
213,-7.5155106300000005,0.3174,0.0228246,0.001148841,0.067768,0.038953,0.00217272
214,-7.484510630000001,0.42294,0.0220099,0.0012905909999999998,0.07218,0.035623,0.0016899550000000001
215,-7.452510630000001,0.5639,0.0258604,0.001755756,0.08381,0.037758799999999995,0.00173442
216,-7.42151063,0.5698300000000001,0.0274059,0.001954111,0.09137,0.0376185,0.0019746399999999997
217,-7.38951063,0.45558999999999994,0.023712,0.001628817,0.08459,0.0324957,0.001966782
218,-7.35751063,0.32239999999999996,0.0177098,0.0011216199999999998,0.06421500000000001,0.027443000000000002,0.0015903620000000001
219,-7.3265106300000005,0.26156,0.015097299999999998,0.000818615,0.057433000000000005,0.0282496,0.001210189
220,-7.29451063,0.24494,0.0150853,0.000668558,0.066395,0.03034,0.001066882
221,-7.263510630000001,0.20035000000000003,0.0130976,0.00048540099999999994,0.06280899999999999,0.025686399999999998,0.000894387
222,-7.231510630000001,0.2309,0.0135184,0.00045920900000000003,0.056878,0.022458500000000003,0.000753152
223,-7.20051063,0.43434000000000006,0.021521399999999996,0.0007701800000000001,0.08465,0.031409099999999995,0.000852546
224,-7.16851063,0.6104,0.029693800000000003,0.00115618,0.11787,0.042276999999999995,0.0010317249999999998
225,-7.13651063,0.506,0.028720000000000002,0.001208647,0.10182,0.040478,0.001019537
226,-7.10551063,0.26049,0.0232778,0.0010067379999999999,0.06525,0.0328318,0.000879756
227,-7.07351063,0.12199,0.0208165,0.000829443,0.056131999999999994,0.030277000000000005,0.0008547369999999999
228,-7.042510630000001,0.0936,0.0192632,0.000700605,0.05882799999999999,0.0293996,0.0008558629999999999
229,-7.010510630000001,0.123,0.0172897,0.0005368450000000001,0.052608,0.0259857,0.0007208970000000001
230,-6.97951063,0.27171,0.0187864,0.00046349900000000003,0.058914,0.026896999999999997,0.0006948620000000001
231,-6.94751063,0.55078,0.0229367,0.0005543169999999999,0.09602,0.0374562,0.00092666
232,-6.91551063,0.74699,0.0272876,0.000648458,0.14268,0.048261,0.0012032500000000001
233,-6.88451063,0.6828200000000001,0.030573799999999998,0.0006862299999999999,0.16366999999999998,0.048583,0.0013014239999999998
234,-6.85251063,0.49352999999999997,0.029329699999999997,0.000720265,0.15555,0.045343,0.0013420250000000002
235,-6.821510630000001,0.36147,0.0236996,0.0007020520000000001,0.13716,0.044775999999999996,0.0013728759999999999
236,-6.7895106300000005,0.30521,0.0182427,0.000634176,0.11881,0.039578,0.001198415
237,-6.7575106300000005,0.27912,0.0157459,0.0006102629999999999,0.11100000000000002,0.030531000000000003,0.000949308
238,-6.726510630000001,0.21851,0.013760300000000001,0.000527656,0.09681000000000001,0.0219299,0.0007152829999999999
239,-6.694510630000001,0.13090000000000002,0.0102943,0.000366681,0.066403,0.0147733,0.000461843
240,-6.66351063,0.075984,0.007205400000000001,0.00025327,0.039495999999999996,0.010222499999999999,0.000264886
241,-6.63151063,0.07270399999999999,0.0075432,0.000229147,0.031143,0.0098228,0.00021162299999999998
242,-6.6005106300000005,0.10357899999999999,0.011928580000000001,0.000269219,0.037605,0.0141025,0.00029626
243,-6.5685106300000005,0.11722199999999999,0.0170265,0.0002705,0.04191400000000001,0.020228799999999998,0.000408364
244,-6.53651063,0.12047000000000001,0.0186372,0.000221984,0.048414,0.0236297,0.000437105
245,-6.505510630000001,0.21692,0.0170892,0.000205146,0.08542999999999999,0.0244363,0.000357488
246,-6.473510630000001,0.47648999999999997,0.0211145,0.000303549,0.17385,0.033735,0.00036302700000000003
247,-6.44251063,0.6444,0.0269948,0.000428993,0.23779999999999998,0.0441474,0.000481531
248,-6.41051063,0.47578,0.021652980000000002,0.000394827,0.18112,0.03603200000000001,0.000472794
249,-6.37951063,0.23228,0.010792829999999998,0.0002417474,0.08325,0.018633700000000003,0.0003029141000000001
250,-6.34751063,0.11187000000000001,0.005021629999999999,0.0001179907,0.034407,0.0082132,0.00015216210000000002
251,-6.31551063,0.07802300000000001,0.00496127,8.533730000000001e-05,0.024092000000000002,0.0067363,0.0001290662
252,-6.284510630000001,0.17007,0.0088276,0.00017667580000000003,0.038877,0.012680199999999999,0.0002094484
253,-6.252510630000001,0.38803,0.0154465,0.000387609,0.07194,0.022995799999999997,0.000302974
254,-6.22151063,0.47759,0.0208254,0.000514272,0.09801,0.0297633,0.00033679299999999994
255,-6.18951063,0.30242,0.019659700000000002,0.0003916409999999999,0.093976,0.026991600000000004,0.00027906199999999995
256,-6.157510630000001,0.10605,0.0123465,0.0001833507,0.061384,0.01676361,0.0001587242
257,-6.12651063,0.023962999999999998,0.0046459399999999994,5.437179999999999e-05,0.0237973,0.00632361,5.4858500000000003e-05
258,-6.09451063,0.0104886,0.0014546099999999998,1.4890319999999998e-05,0.005856,0.00195819,1.454144e-05
259,-6.063510630000001,0.047788,0.003126468,3.9171199999999995e-05,0.0084967,0.004220352,3.010981e-05
260,-6.0315106300000005,0.1596,0.00809705,0.0001292635,0.02942,0.01135091,9.528718e-05
261,-6.000510630000001,0.2675,0.01053335,0.0002171889,0.052764000000000005,0.015533080000000001,0.00015567513
262,-5.968510630000001,0.22203,0.006775481,0.00018062809999999999,0.046038,0.0106323,0.00012657874
263,-5.936510630000001,0.09019,0.002172579,7.346180000000001e-05,0.019368,0.0036533729999999997,5.065514e-05
264,-5.90551063,0.017701,0.0003483411,1.443462e-05,0.0038903999999999996,0.0006273077000000001,9.839564999999999e-06
265,-5.87351063,0.0016579,2.780172e-05,1.3528029999999999e-06,0.00036995,5.320719e-05,9.151385e-07
266,-5.8425106300000005,7.336e-05,1.152549e-06,6.01497e-08,1.6538e-05,2.3408053999999998e-06,4.071511e-08
267,-5.8105106300000005,6.9525e-06,3.814869e-06,1.7422929999999997e-08,1.9743e-06,8.537519e-06,2.133992e-08
268,-5.779510630000001,0.00011065999999999999,0.00011371025,3.424414e-07,3.3404e-05,0.0002401149,4.230866e-07
269,-5.747510630000001,0.0010739999999999999,0.0016292036999999999,3.502585e-06,0.00032753999999999997,0.0032984800000000003,4.176487e-06
270,-5.715510630000001,0.0052061,0.011141645,1.772572e-05,0.0016116400000000001,0.02191274,2.012954e-05
271,-5.68451063,0.015334999999999998,0.03653003,4.688494e-05,0.0048527,0.07044387,4.968762e-05
272,-5.65251063,0.04445,0.059599799999999994,8.13454e-05,0.014328,0.11321110000000001,7.78896e-05
273,-5.62151063,0.12535,0.061837,0.0001515736,0.040765,0.115247,0.0001378681
274,-5.58951063,0.21452,0.080039,0.000287493,0.07041,0.144772,0.000282112
275,-5.55751063,0.18839999999999998,0.12007899999999999,0.000384776,0.06262000000000001,0.21671300000000002,0.000429432
276,-5.526510630000001,0.08545,0.140711,0.00043085399999999994,0.029328,0.27803,0.000545698
277,-5.494510630000001,0.024549,0.168813,0.00064102,0.010302,0.37049000000000004,0.000838758
278,-5.46351063,0.012511999999999999,0.23825300000000002,0.0010535800000000001,0.007267999999999999,0.49814,0.00132993
279,-5.43151063,0.01571,0.31737,0.0014766,0.007544999999999999,0.62049,0.00174032
280,-5.40051063,0.017949,0.36157,0.00166982,0.00741,0.68789,0.00184365
281,-5.36851063,0.014531,0.32694999999999996,0.00147551,0.006886999999999999,0.6099600000000001,0.00162061
282,-5.33651063,0.009367,0.24372,0.00119477,0.006349,0.46771,0.00149226
283,-5.305510630000001,0.005932000000000001,0.177069,0.0010720099999999998,0.0056592,0.37554,0.0016306000000000003
284,-5.2735106300000005,0.0036957,0.125661,0.0009573270000000001,0.0044167,0.30256,0.00154976
285,-5.24251063,0.0039093999999999995,0.101817,0.0009597900000000001,0.0041095,0.26952,0.00128995
286,-5.21051063,0.008638,0.137056,0.0014168899999999999,0.006399,0.32782999999999995,0.0015337
287,-5.17951063,0.014735999999999999,0.20634400000000003,0.0020455100000000004,0.009739000000000001,0.41642,0.00218118
288,-5.14751063,0.016784,0.25723,0.00231791,0.01125,0.48147999999999996,0.0026493
289,-5.11551063,0.016742,0.30051,0.0026236000000000002,0.012093,0.5808800000000001,0.0031956300000000005
290,-5.0845106300000005,0.017188,0.34451000000000004,0.00323554,0.013575999999999998,0.6860299999999999,0.0039381
291,-5.0525106300000004,0.017919,0.37688,0.0037852199999999997,0.015208,0.7521699999999999,0.0043617000000000005
292,-5.02151063,0.019505,0.3963,0.00408876,0.016124,0.81243,0.004445
293,-4.989510630000001,0.019492,0.38353000000000004,0.00412618,0.014662000000000001,0.78283,0.0044458
294,-4.957510630000001,0.017266,0.36585999999999996,0.00412953,0.012464,0.6886,0.0045175
295,-4.92651063,0.016318,0.38024,0.0042483,0.01327,0.6959500000000001,0.004817500000000001
296,-4.89451063,0.016055000000000003,0.39776,0.004132,0.015835,0.7242300000000002,0.0049426999999999995
297,-4.86351063,0.014156,0.355532,0.0035139100000000003,0.015152,0.61459,0.00422205
298,-4.83151063,0.011633000000000001,0.254619,0.0028598399999999998,0.011154,0.484759,0.00329513
299,-4.80051063,0.012525,0.20903100000000002,0.00317812,0.010127,0.5519,0.00371895
300,-4.76851063,0.019354,0.29768,0.0046211,0.016098,0.79451,0.0055263
301,-4.736510630000001,0.028685999999999996,0.46658,0.006422300000000001,0.026274,1.05978,0.007411000000000001
302,-4.705510630000001,0.035849,0.61387,0.007960199999999999,0.033559000000000005,1.27535,0.0087139
303,-4.673510630000001,0.04015200000000001,0.69529,0.008962399999999999,0.034584000000000004,1.4219100000000002,0.0095158
304,-4.64251063,0.043348,0.71861,0.0093391,0.033501,1.4476900000000001,0.0100573
305,-4.61051063,0.044845,0.67778,0.0090774,0.03257,1.35425,0.010353099999999999
306,-4.579510630000001,0.043788999999999995,0.58458,0.008289,0.03199,1.24423,0.0101213
307,-4.5475106300000006,0.04191,0.50146,0.007606300000000002,0.031201,1.17964,0.0097743
308,-4.5155106300000005,0.038709,0.45091000000000003,0.0076285,0.02873,1.12493,0.0096673
309,-4.484510630000001,0.034729,0.44602,0.0082377,0.027572,1.11434,0.009690899999999999
310,-4.452510630000001,0.03412,0.48334,0.0088325,0.028622,1.16536,0.009602900000000001
311,-4.42151063,0.037233,0.48819,0.0087167,0.028650000000000002,1.16105,0.0091819
312,-4.38951063,0.039903,0.4757699999999999,0.0085987,0.028198,1.0984500000000001,0.0091066
313,-4.35751063,0.041735,0.52413,0.0095015,0.030151,1.0925799999999999,0.010214500000000001
314,-4.3265106300000005,0.044713,0.62847,0.011104600000000001,0.03493399999999999,1.26075,0.0120429
315,-4.29451063,0.048683000000000004,0.7360800000000001,0.012224700000000002,0.041246000000000005,1.55419,0.013502900000000002
316,-4.263510630000001,0.052714,0.80703,0.0121432,0.045546,1.68173,0.0139347
317,-4.231510630000001,0.05296,0.8197999999999999,0.0114502,0.044377,1.5739099999999997,0.0131857
318,-4.20051063,0.04868,0.7896,0.0110869,0.041383,1.50079,0.0121662
319,-4.16851063,0.044156,0.73609,0.011235700000000001,0.042540999999999995,1.51322,0.0118014
320,-4.13651063,0.044772,0.67758,0.0117654,0.04732,1.4848199999999998,0.0122523
321,-4.10551063,0.04972,0.63861,0.012248,0.049985,1.44702,0.013187
322,-4.07351063,0.055330000000000004,0.6359699999999999,0.012318400000000002,0.049052,1.4339600000000001,0.0143527
323,-4.042510630000001,0.06312,0.67077,0.0125453,0.048989,1.43221,0.0156845
324,-4.010510630000001,0.07139999999999999,0.71227,0.0132289,0.049766,1.41665,0.0164105
325,-3.9795106300000005,0.07451,0.7174800000000001,0.013588000000000001,0.047927000000000004,1.37337,0.0161235
326,-3.9475106300000005,0.06943,0.67981,0.0133356,0.043787,1.38775,0.01577
327,-3.9155106300000004,0.06432,0.64744,0.0127395,0.03997,1.4265,0.015469
328,-3.8845106300000003,0.061709999999999994,0.65697,0.012162899999999999,0.038017999999999996,1.3929299999999998,0.014991299999999999
329,-3.8525106300000003,0.0562,0.69451,0.012782,0.039652,1.39715,0.0156985
330,-3.8215106300000006,0.05363,0.73231,0.014710899999999999,0.044324,1.4992599999999998,0.0179502
331,-3.7895106300000005,0.05531,0.7337600000000001,0.016117100000000002,0.04872,1.5482,0.019615100000000003
332,-3.7575106300000005,0.05611000000000001,0.69051,0.0159439,0.04852,1.52632,0.019208199999999998
333,-3.7265106300000004,0.059710000000000006,0.6636,0.014893300000000002,0.043736000000000004,1.5619200000000002,0.017662499999999998
334,-3.6945106300000004,0.06676,0.68067,0.014186100000000002,0.044267,1.6534799999999998,0.0171258
335,-3.66351063,0.07056,0.71817,0.014394800000000001,0.05224,1.762,0.0186259
336,-3.63151063,0.07263,0.7739,0.015255,0.058171,1.8534599999999999,0.0206683
337,-3.6005106300000005,0.0737,0.85487,0.0164061,0.061846,1.83968,0.021408000000000003
338,-3.5685106300000005,0.07257,0.92019,0.0175547,0.06505,1.78582,0.021287600000000004
339,-3.5365106300000004,0.076,0.93788,0.0186034,0.06558,1.78758,0.021045299999999996
340,-3.5055106300000003,0.08595,0.9358200000000001,0.0195163,0.06567,1.8150300000000001,0.0208951
341,-3.4735106300000003,0.09522,0.9630799999999999,0.0199013,0.06849,1.8459,0.0212773
342,-3.4425106300000006,0.09997,1.03579,0.0197811,0.07379,1.8862999999999999,0.022078
343,-3.4105106300000005,0.10244,1.10367,0.0199222,0.07966,1.9677,0.023379700000000003
344,-3.3785106300000005,0.10497000000000001,1.10324,0.020880299999999997,0.0819,2.0309,0.0250535
345,-3.3475106300000004,0.10801,1.02967,0.021989799999999997,0.07722,1.8885,0.026002699999999997
346,-3.3155106300000003,0.10902,0.9712900000000001,0.0223221,0.07241,1.66167,0.026252199999999996
347,-3.28451063,0.10347,0.96486,0.0216849,0.07135,1.5996800000000002,0.026063
348,-3.25251063,0.09863,0.98465,0.0216586,0.07316,1.65266,0.0260131
349,-3.2215106300000005,0.10289999999999999,1.05789,0.023728199999999998,0.07895,1.7462,0.0272506
350,-3.1895106300000005,0.10955000000000001,1.15701,0.025971300000000003,0.08163999999999999,1.8197,0.028643
351,-3.1575106300000004,0.115,1.1768900000000002,0.0257158,0.0731,1.7637299999999998,0.028797000000000003
352,-3.1265106300000003,0.11634000000000001,1.0946799999999999,0.0232889,0.06041,1.64025,0.0277682
353,-3.0945106300000003,0.10828,0.98977,0.020739,0.053006,1.5433400000000002,0.0263823
354,-3.0635106300000006,0.09939,0.9051899999999999,0.0195374,0.05309,1.4456600000000002,0.026069300000000004
355,-3.0315106300000005,0.09776,0.84781,0.0195126,0.05777,1.36877,0.026783199999999997
356,-3.0005106300000004,0.09636,0.83506,0.019873699999999998,0.05933,1.36574,0.0272709
357,-2.9685106300000004,0.09518,0.83126,0.0203507,0.06103,1.39128,0.026368700000000002
358,-2.9365106300000003,0.09759000000000001,0.8311799999999999,0.0213836,0.07358,1.41258,0.024661099999999995
359,-2.90551063,0.0974,0.8528199999999999,0.0224909,0.09005000000000002,1.4704199999999998,0.023903099999999997
360,-2.87351063,0.09604,0.89649,0.022857099999999998,0.09537,1.57697,0.0245258
361,-2.8425106300000005,0.0974,0.94502,0.022852800000000003,0.09253,1.65014,0.025612600000000003
362,-2.8105106300000005,0.09823000000000001,0.93466,0.0223706,0.09290999999999999,1.62379,0.0269579
363,-2.7785106300000004,0.09922999999999998,0.88722,0.0224199,0.09425,1.59888,0.0294672
364,-2.7475106300000007,0.10623,0.8745,0.0242532,0.09233,1.6448800000000001,0.0326766
365,-2.7155106300000007,0.11737,0.89617,0.026585,0.09562,1.71776,0.035217
366,-2.68451063,0.12603999999999999,0.96223,0.028995599999999996,0.1061,1.7912399999999997,0.0360571
367,-2.65251063,0.1317,1.06732,0.030252300000000003,0.10829,1.776,0.0348481
368,-2.6215106300000004,0.13674,1.18055,0.029272700000000002,0.09949,1.73408,0.033285300000000004
369,-2.5895106300000004,0.14056,1.2516500000000002,0.028287100000000003,0.09387,1.7878700000000003,0.033157400000000004
370,-2.5575106300000003,0.14176,1.2185800000000002,0.028543600000000002,0.09412000000000001,1.81212,0.0343042
371,-2.5265106300000006,0.13959,1.1263,0.0284707,0.09508,1.69211,0.034332
372,-2.4945106300000006,0.13643000000000002,1.0436100000000001,0.026860499999999995,0.09375,1.4745499999999998,0.0327137
373,-2.46351063,0.13319,1.01323,0.0257557,0.09131,1.36791,0.0322831
374,-2.43151063,0.12564,1.01931,0.0262385,0.08986000000000001,1.4792699999999999,0.0332509
375,-2.4005106300000003,0.12150999999999998,1.00606,0.027031200000000002,0.08677,1.6534,0.0334663
376,-2.3685106300000003,0.12841,0.96942,0.028312199999999996,0.0802,1.6773000000000002,0.0331648
377,-2.3365106300000003,0.13363999999999998,0.93686,0.029998300000000006,0.07424,1.5189600000000003,0.0335912
378,-2.3055106300000006,0.1203,0.91612,0.030169800000000004,0.07047,1.33047,0.0343959
379,-2.2735106300000005,0.09797,0.87348,0.0282276,0.06774,1.2545700000000002,0.0341404
380,-2.242510630000001,0.08638000000000001,0.82656,0.0263486,0.06924999999999999,1.2950599999999999,0.033570300000000004
381,-2.210510630000001,0.09003,0.8244100000000001,0.0261353,0.074299,1.37908,0.0338957
382,-2.178510630000001,0.10134999999999998,0.84652,0.026632299999999998,0.07423,1.4229699999999998,0.0342062
383,-2.14751063,0.10774,0.87164,0.0265814,0.06779,1.4024299999999998,0.0336466
384,-2.11551063,0.11172000000000001,0.88394,0.0266537,0.06642999999999999,1.3488,0.0328266
385,-2.0845106300000005,0.1267,0.89247,0.0287114,0.07732,1.3068,0.0325243
386,-2.0525106300000004,0.14395,0.9163600000000001,0.0310204,0.08884,1.2918299999999998,0.032708100000000004
387,-2.0215106300000008,0.1474,0.95974,0.0307145,0.08836,1.2852200000000003,0.0326761
388,-1.9895106300000007,0.14005,0.97846,0.029990399999999997,0.08376,1.28479,0.032280800000000005
389,-1.9575106300000007,0.13124,0.94264,0.0312741,0.08496000000000001,1.34866,0.0341632
390,-1.9265106300000001,0.13042,0.90999,0.0328264,0.08668999999999999,1.47211,0.0387487
391,-1.89451063,0.13734000000000002,0.89331,0.033202300000000004,0.08408,1.55392,0.041707799999999996
392,-1.8635106300000004,0.14035,0.88818,0.0326452,0.08245999999999999,1.5828600000000002,0.0421006
393,-1.8315106300000004,0.13427,0.91091,0.0318876,0.0892,1.5998199999999998,0.0421574
394,-1.8005106300000007,0.12289999999999998,0.92936,0.031414700000000004,0.09872,1.55122,0.0404858
395,-1.7685106300000006,0.11598,0.97609,0.0324931,0.10289,1.44639,0.037964599999999994
396,-1.7365106300000006,0.12437999999999999,1.08676,0.0361439,0.09985,1.42616,0.036932599999999996
397,-1.70551063,0.13889,1.1486,0.039724199999999994,0.09265000000000001,1.51611,0.036095300000000004
398,-1.67351063,0.14554999999999998,1.11815,0.0409477,0.08889000000000001,1.61185,0.0366067
399,-1.6425106300000003,0.15059,1.07884,0.0409722,0.08509000000000001,1.6311600000000002,0.0406174
400,-1.6105106300000003,0.16222,1.03003,0.040270400000000005,0.07993,1.56943,0.0442868
401,-1.5785106300000002,0.1695,0.9607600000000001,0.0385229,0.08511,1.4598399999999998,0.0444481
402,-1.5475106300000006,0.15683,0.9067800000000001,0.0379982,0.09733,1.3353000000000002,0.0448925
403,-1.5155106300000005,0.13563999999999998,0.8687400000000001,0.039121600000000006,0.09765,1.20384,0.04613600000000001
404,-1.4845106300000008,0.1212,0.86477,0.0388682,0.09090000000000001,1.11809,0.0450872
405,-1.4525106300000008,0.11937999999999999,0.89488,0.0368699,0.09335,1.1580599999999999,0.0418873
406,-1.4215106300000002,0.12682,0.8925799999999999,0.0352275,0.09801,1.26058,0.0384693
407,-1.3895106300000002,0.12862,0.81338,0.033242,0.09349,1.31591,0.0368703
408,-1.3575106300000002,0.12772,0.70728,0.0299776,0.08564,1.29066,0.0362873
409,-1.3265106300000005,0.13635999999999998,0.66784,0.028516499999999997,0.08055999999999999,1.2128,0.035304
410,-1.2945106300000004,0.15546,0.73753,0.030747,0.07934999999999999,1.19733,0.035054199999999994
411,-1.2635106300000007,0.16804000000000002,0.8758900000000001,0.0358407,0.08659,1.31581,0.037580199999999994
412,-1.2315106300000007,0.16923,0.95783,0.0413748,0.10202,1.43734,0.0417746
413,-1.2005106300000001,0.16601,0.92933,0.0437156,0.12072000000000001,1.40475,0.0442171
414,-1.16851063,0.1561,0.87188,0.0432873,0.13134,1.30659,0.045121499999999995
415,-1.13651063,0.14151,0.86571,0.0427802,0.11968999999999999,1.29697,0.045670699999999995
416,-1.1055106300000004,0.1303,0.9064800000000001,0.042523899999999996,0.09591999999999999,1.37133,0.0461433
417,-1.0735106300000004,0.13204,0.91109,0.041534600000000005,0.07880999999999999,1.38551,0.046096200000000004
418,-1.0425106300000007,0.1469,0.83822,0.0398473,0.07063,1.31609,0.0457394
419,-1.0105106300000006,0.15927,0.78517,0.039292600000000004,0.07166,1.26108,0.045546800000000005
420,-0.9785106300000006,0.15791,0.79918,0.0390411,0.08096,1.20054,0.043486199999999996
421,-0.94751063,0.15237,0.8070999999999999,0.03717449999999999,0.08783,1.14695,0.0405066
422,-0.91551063,0.1546,0.7959400000000001,0.0361734,0.08546000000000001,1.13734,0.039612499999999995
423,-0.8845106300000003,0.16035,0.77341,0.037738400000000005,0.08191,1.1179000000000001,0.0394173
424,-0.8525106300000003,0.15758,0.74358,0.040250499999999995,0.08442,1.07602,0.0385544
425,-0.8215106300000006,0.14101,0.75844,0.042468500000000006,0.09236,1.06281,0.037492700000000004
426,-0.7895106300000005,0.13058,0.81934,0.0432934,0.10241,1.09737,0.0381485
427,-0.7575106300000005,0.14852,0.8737999999999999,0.0439858,0.11004000000000001,1.15868,0.040869600000000006
428,-0.7265106300000008,0.17626999999999998,0.88253,0.0470447,0.10655,1.23784,0.0439511
429,-0.6945106300000008,0.18653,0.8511900000000001,0.0491845,0.09398,1.29811,0.047363800000000005
430,-0.6635106300000002,0.18496,0.79291,0.0471246,0.08281,1.29446,0.049313499999999996
431,-0.6315106300000002,0.17552,0.71096,0.0439343,0.07688999999999999,1.24478,0.047264600000000004
432,-0.6005106300000005,0.16225,0.6612199999999999,0.043695399999999995,0.07963,1.2316799999999999,0.04509729999999999
433,-0.5685106300000005,0.16147,0.70175,0.0452444,0.08983,1.31633,0.047985
434,-0.5365106300000004,0.1593,0.75581,0.044515,0.10051,1.37789,0.051425399999999996
435,-0.5055106300000007,0.14286,0.7438100000000001,0.0407279,0.10524000000000001,1.29059,0.051191
436,-0.4735106300000007,0.13426,0.73129,0.0377008,0.10699,1.15524,0.0503723
437,-0.4425106300000001,0.13975,0.73244,0.0372732,0.10889,1.1062400000000001,0.0489643
438,-0.4105106300000001,0.14681,0.70199,0.0380956,0.10593,1.11727,0.0470627
439,-0.37851063000000007,0.1645,0.69689,0.0415134,0.09573999999999999,1.13923,0.0492299
440,-0.3475106300000004,0.19061,0.73819,0.0455458,0.07954,1.13399,0.0522246
441,-0.31551063000000035,0.19458,0.77145,0.0449619,0.06536,1.0755,0.0502111
442,-0.28451063000000065,0.18265,0.7639800000000001,0.042136599999999996,0.06023,0.99938,0.046860099999999995
443,-0.2525106300000006,0.17214000000000002,0.70245,0.041566200000000005,0.061563999999999994,0.94495,0.0462448
444,-0.22151063000000004,0.15401,0.64056,0.0420307,0.066509,0.9041299999999999,0.04660310000000001
445,-0.18951063,0.13162,0.6294500000000001,0.04250110000000001,0.07511,0.89657,0.0462095
446,-0.15751062999999998,0.12151999999999999,0.6414599999999999,0.042925200000000004,0.08660999999999999,0.9324100000000001,0.046360200000000004
447,-0.1265106300000003,0.12568,0.6292800000000001,0.0412873,0.09498000000000001,0.96137,0.047060700000000004
448,-0.09451063000000026,0.13224,0.60168,0.0383358,0.09481300000000001,0.9645299999999999,0.04746910000000001
449,-0.06351063000000057,0.12906,0.59046,0.036545799999999996,0.08784,0.9173399999999999,0.0477954
450,-0.03151063000000054,0.12156,0.5766800000000001,0.0350519,0.07719000000000001,0.8173,0.0446029
451,-0.0005106299999999564,0.12732,0.54914,0.0327761,0.07294,0.75371,0.0372784
452,0.031489369999999184,0.15694,0.58682,0.0349549,0.08399999999999999,0.79948,0.0352643
453,0.06348936999999921,0.18737000000000004,0.70441,0.043082300000000004,0.09678999999999999,0.8682300000000001,0.0419023
454,0.0944893699999998,0.18236000000000002,0.7651300000000001,0.0494372,0.09209999999999999,0.8799400000000002,0.04848
455,0.12648936999999982,0.16121,0.75159,0.0500049,0.07961,0.8703799999999999,0.0492203
456,0.15748936999999952,0.15539,0.7845099999999999,0.047730400000000006,0.07827,0.86449,0.0484696
457,0.18948936999999955,0.15548,0.86127,0.0464865,0.09221,0.8758,0.0516264
458,0.22148936999999957,0.15849,0.8946100000000001,0.0470996,0.11198,0.89594,0.056691399999999996
459,0.25248936999999927,0.16797,0.8693899999999999,0.046958,0.12432,0.9163,0.059017799999999995
460,0.2844893699999993,0.16812,0.81044,0.044814999999999994,0.12931,0.9230200000000001,0.06041389999999999
461,0.3154893699999999,0.15308,0.75937,0.0422814,0.12716,0.8746099999999999,0.0627386
462,0.3474893699999999,0.13726,0.7693099999999999,0.0415869,0.11369000000000001,0.7866200000000001,0.06293180000000001
463,0.3784893699999996,0.13187,0.8231700000000001,0.041611,0.10042999999999999,0.73995,0.0605005
464,0.41048936999999963,0.13378,0.82628,0.0403173,0.09729,0.76834,0.0573374
465,0.44248936999999966,0.15134000000000003,0.7965,0.0411049,0.10382999999999999,0.8303600000000001,0.0566764
466,0.47348936999999935,0.17733999999999997,0.79514,0.0449329,0.11252999999999999,0.85232,0.059465699999999996
467,0.5054893699999994,0.1765,0.7635500000000001,0.048444600000000004,0.11038999999999999,0.79874,0.0611878
468,0.53648937,0.15405000000000002,0.68617,0.050862500000000005,0.10096,0.74147,0.06128070000000001
469,0.56848937,0.14145000000000002,0.66493,0.0532103,0.09942,0.7543,0.0642062
470,0.5994893699999997,0.14625,0.73493,0.05515869999999999,0.10258,0.8202999999999999,0.0689591
471,0.6314893699999997,0.14983000000000002,0.79615,0.055400200000000004,0.09608,0.84848,0.0706648
472,0.6634893699999997,0.14026,0.79103,0.054665500000000006,0.08524,0.7976000000000001,0.0672471
473,0.6944893699999994,0.13694,0.79047,0.0550181,0.08327000000000001,0.75,0.0644648
474,0.7264893699999995,0.1566,0.85283,0.0555604,0.08399999999999999,0.77911,0.0661867
475,0.7574893699999992,0.17924,0.9069400000000001,0.0547682,0.08509,0.82909,0.0634338
476,0.7894893699999992,0.18017,0.89276,0.054611400000000004,0.08872,0.83009,0.0559047
477,0.8214893699999992,0.16475,0.87479,0.05684839999999999,0.09031,0.83279,0.055307999999999996
478,0.8524893699999998,0.15958,0.90732,0.05906700000000001,0.09262,0.88586,0.059233
479,0.8844893699999998,0.17770999999999998,0.9308000000000001,0.05699289999999999,0.09570000000000001,0.94154,0.0613937
480,0.9154893699999995,0.19389,0.92052,0.0548504,0.09141,0.98454,0.06362620000000001
481,0.9474893699999996,0.18766,0.89909,0.057246500000000006,0.08361,1.02835,0.0646669
482,0.9784893699999992,0.17784,0.85873,0.059315599999999996,0.08286,1.06825,0.0636795
483,1.0104893699999993,0.17617,0.7854,0.0591308,0.08889999999999999,1.10575,0.06281629999999999
484,1.0424893699999993,0.16934,0.71703,0.0589576,0.09225,1.0891000000000002,0.06451710000000001
485,1.0734893699999999,0.15888,0.70337,0.060726,0.08982000000000001,1.03837,0.0694436
486,1.10548937,0.16121000000000002,0.7051000000000001,0.0629795,0.09008,0.99176,0.0695442
487,1.1364893699999987,0.16754,0.68177,0.0622925,0.09534000000000001,0.91857,0.06422320000000001
488,1.1684893699999988,0.15675,0.6569100000000001,0.0600545,0.10044,0.85917,0.0637201
489,1.1994893699999993,0.13793,0.6629700000000001,0.0605554,0.10261999999999999,0.88731,0.06845230000000001
490,1.2314893699999994,0.13071,0.68663,0.06246689999999999,0.09858,0.9517,0.07033700000000001
491,1.2634893699999994,0.1325,0.68211,0.0620773,0.09098,0.97631,0.0661998
492,1.29448937,0.13040000000000002,0.64237,0.0584403,0.08492999999999999,0.9558599999999999,0.06086199999999999
493,1.32648937,0.13152,0.63237,0.055529999999999996,0.08382,0.9288399999999999,0.05981
494,1.3574893699999988,0.15431,0.67527,0.056080000000000005,0.08836999999999999,0.91485,0.06440359999999999
495,1.3894893699999988,0.18766000000000002,0.71181,0.057478,0.09462000000000001,0.8922000000000001,0.07248009999999999
496,1.4214893699999989,0.19676000000000002,0.7024699999999999,0.05783100000000001,0.09825,0.8323800000000001,0.0756667
497,1.4524893699999994,0.18365000000000004,0.6971800000000001,0.0563762,0.09536,0.7976,0.0710467
498,1.4844893699999995,0.16808,0.73704,0.0549769,0.09209,0.8648899999999999,0.06590900000000001
499,1.51548937,0.15153,0.78846,0.0556074,0.09265999999999999,0.95967,0.064392
500,1.54748937,0.14245,0.8067799999999999,0.055592,0.08583999999999999,0.99321,0.061007
501,1.578489369999999,0.1497,0.8312899999999999,0.05619,0.07208999999999999,0.9940399999999999,0.0563685
502,1.610489369999999,0.15094,0.8897200000000001,0.06175299999999999,0.06784,0.9924,0.0564448
503,1.642489369999999,0.1303,0.8886799999999999,0.0664411,0.07956,0.9565999999999999,0.060013
504,1.6734893699999995,0.11122,0.8042800000000001,0.0643802,0.09465,0.9074300000000001,0.06267510000000001
505,1.7054893699999996,0.1202,0.7093,0.061756000000000005,0.09849,0.8727199999999999,0.062733
506,1.7364893700000001,0.14451,0.65276,0.059851,0.0851,0.81555,0.0612221
507,1.7684893700000002,0.16254,0.65554,0.056921,0.06634,0.76615,0.0601688
508,1.799489369999999,0.16071000000000002,0.6863600000000001,0.055454,0.057190000000000005,0.79261,0.0618503
509,1.831489369999999,0.14019,0.69951,0.0542841,0.06165,0.8880799999999999,0.0701602
510,1.863489369999999,0.12673,0.72223,0.0538314,0.07641999999999999,0.9921500000000001,0.0820325
511,1.8944893699999996,0.12930999999999998,0.76477,0.0548857,0.08972,1.04294,0.087174
512,1.9264893699999996,0.12534,0.8163199999999999,0.055068500000000006,0.09340999999999999,1.05067,0.083431
513,1.9574893700000002,0.10561,0.89594,0.054333,0.08736,1.0816500000000002,0.075934
514,1.9894893700000003,0.08952000000000002,0.9911099999999999,0.05525100000000001,0.07433,1.1166900000000002,0.071729
515,2.0214893700000003,0.09001,1.07698,0.058782999999999995,0.06486,1.10266,0.0764158
516,2.052489369999999,0.10361,1.1090499999999999,0.062459,0.0702,1.05736,0.08441
517,2.084489369999999,0.11434,1.07961,0.06331200000000001,0.08642,1.02992,0.088138
518,2.1154893699999997,0.11320999999999999,1.04917,0.063622,0.10238,1.06238,0.089308
519,2.1474893699999997,0.11180000000000001,1.04248,0.067249,0.11662,1.13826,0.09311000000000001
520,2.1784893700000003,0.11695,1.03479,0.072184,0.12859,1.17232,0.10288
521,2.2104893700000003,0.11903,0.99928,0.072883,0.1262,1.12169,0.113178
522,2.2424893700000004,0.11757000000000001,0.97099,0.073037,0.10522999999999999,1.05165,0.11450400000000001
523,2.273489369999999,0.12555,1.00654,0.078914,0.08822999999999999,1.0298399999999999,0.111808
524,2.305489369999999,0.13670000000000002,1.0451300000000001,0.08707000000000001,0.08896,1.05678,0.11485400000000001
525,2.33648937,0.13090000000000002,1.01959,0.09140599999999999,0.09271,1.07523,0.116871
526,2.36848937,0.11395,0.9763600000000001,0.092099,0.08761000000000001,1.03463,0.112921
527,2.40048937,0.10491,0.97806,0.092656,0.07743,0.97236,0.10942199999999999
528,2.4314893700000004,0.10574,1.00958,0.091338,0.06877,0.97285,0.10779300000000001
529,2.4634893700000005,0.10891,1.05762,0.087545,0.061610000000000005,1.01647,0.107575
530,2.4944893699999993,0.10827,1.1347800000000001,0.087866,0.05706000000000001,1.03676,0.11334899999999998
531,2.5264893699999993,0.10339000000000001,1.17374,0.094104,0.05794,1.02265,0.122681
532,2.55748937,0.09532999999999998,1.14954,0.09880799999999999,0.060790000000000004,0.9990400000000002,0.128356
533,2.58948937,0.08859,1.1271900000000001,0.10006300000000001,0.06337000000000001,0.96114,0.131927
534,2.62148937,0.08660000000000001,1.09054,0.102554,0.06784,0.8974300000000001,0.13215300000000002
535,2.6524893699999987,0.09171,1.0597699999999999,0.106946,0.06987,0.8659300000000001,0.128776
536,2.6844893699999988,0.10052000000000001,1.05396,0.108517,0.06573000000000001,0.91135,0.127806
537,2.7154893699999993,0.10288,1.03222,0.10616999999999999,0.060548000000000005,1.0084199999999999,0.132969
538,2.7474893699999994,0.09623000000000001,1.0349,0.10536700000000002,0.05911,1.10281,0.144171
539,2.77848937,0.08534,1.07568,0.105688,0.06011999999999999,1.11696,0.152825
540,2.81048937,0.07789,1.10111,0.105033,0.06244,1.0919599999999998,0.15040299999999998
541,2.84248937,0.08124,1.13873,0.113482,0.06449,1.1659,0.146738
542,2.873489369999999,0.09094,1.20763,0.126376,0.06563,1.25734,0.150592
543,2.905489369999999,0.09303,1.2018799999999998,0.125204,0.06726,1.20284,0.15490600000000002
544,2.9364893699999994,0.08629,1.1014499999999998,0.11635700000000002,0.06937,1.0504399999999998,0.155451
545,2.9684893699999995,0.08557,1.03454,0.11249600000000001,0.07200000000000001,0.9576199999999999,0.15452000000000002
546,3.0004893699999995,0.09767,1.09399,0.11028500000000001,0.069093,0.98216,0.155182
547,3.03148937,0.10316,1.21204,0.110183,0.05866,1.03224,0.154889
548,3.06348937,0.09230000000000001,1.24916,0.112644,0.04869,0.9894399999999999,0.150206
549,3.094489369999999,0.08355,1.20197,0.115243,0.04475,0.9195,0.15029900000000002
550,3.126489369999999,0.08155000000000001,1.18719,0.118878,0.0479,0.93938,0.156786
551,3.1574893699999995,0.07979,1.23828,0.120229,0.05115,0.97849,0.159666
552,3.1894893699999995,0.07616,1.28281,0.121326,0.048614,0.96802,0.160418
553,3.2214893699999996,0.06783,1.24586,0.126544,0.046595,0.94886,0.159246
554,3.25248937,0.06061999999999999,1.174,0.132795,0.051525999999999995,0.9478500000000001,0.158455
555,3.28448937,0.05969,1.16094,0.134357,0.056319999999999995,0.94912,0.16792400000000002
556,3.315489369999999,0.06244,1.16411,0.136301,0.05276,0.9664900000000001,0.18588
557,3.347489369999999,0.06436,1.1019,0.140698,0.046683999999999996,0.97508,0.19320400000000001
558,3.3784893699999996,0.06148,1.07248,0.14034399999999997,0.043729,0.9276,0.185544
559,3.4104893699999996,0.055709999999999996,1.16879,0.13611499999999999,0.041893,0.8825900000000001,0.178057
560,3.4424893699999997,0.05248599999999999,1.27383,0.133405,0.04004,0.89464,0.175031
561,3.4734893700000002,0.050800000000000005,1.3086099999999998,0.134214,0.038025,0.92132,0.171951
562,3.5054893700000003,0.05104,1.31361,0.140876,0.035916000000000003,0.93432,0.170804
563,3.536489369999999,0.05521,1.29099,0.151585,0.037467,0.95053,0.17465199999999997
564,3.568489369999999,0.060719999999999996,1.29761,0.157947,0.043059,0.9740900000000001,0.18252399999999996
565,3.600489369999999,0.06334999999999999,1.39683,0.155948,0.046005,0.9864900000000001,0.19248700000000002
566,3.6314893699999997,0.061599999999999995,1.4420199999999999,0.151159,0.043347000000000004,0.98161,0.19853600000000002
567,3.6634893699999997,0.060064,1.35442,0.151783,0.039859000000000006,1.00089,0.20271199999999998
568,3.6944893700000003,0.060109,1.27991,0.15598700000000001,0.038023,1.0430000000000001,0.20998299999999998
569,3.7264893700000004,0.056799999999999996,1.2486000000000002,0.14979399999999998,0.036456,1.02589,0.211128
570,3.757489369999999,0.051998,1.2047599999999998,0.13832299999999997,0.035448,0.95207,0.203471
571,3.789489369999999,0.052774,1.1722700000000001,0.13955,0.035166,0.8832,0.203667
572,3.821489369999999,0.058022000000000004,1.15411,0.153893,0.036137,0.85094,0.21355000000000002
573,3.85248937,0.06227,1.12801,0.167822,0.038749000000000006,0.86426,0.226908
574,3.88448937,0.06417,1.10263,0.17440899999999998,0.040638999999999995,0.8703000000000001,0.24463800000000002
575,3.9154893700000004,0.06448999999999999,1.102,0.183722,0.040977,0.82219,0.26244999999999996
576,3.9474893700000004,0.06478,1.11834,0.197616,0.040639999999999996,0.76126,0.278227
577,3.9784893699999992,0.06458,1.0999899999999998,0.209335,0.038597000000000006,0.71915,0.28329099999999996
578,4.010489369999999,0.06015999999999999,1.0536800000000002,0.21862199999999998,0.035531,0.70094,0.274829
579,4.042489369999999,0.05337,1.02671,0.22149400000000002,0.033455,0.69265,0.271223
580,4.07348937,0.050411,1.02928,0.22400599999999998,0.033126,0.6752,0.27987300000000004
581,4.10548937,0.049922,1.04671,0.24058500000000002,0.034486,0.68502,0.295543
582,4.136489369999999,0.048985999999999995,1.05677,0.256827,0.03472600000000001,0.73462,0.317206
583,4.168489369999999,0.049006,1.023,0.251577,0.031668,0.7587700000000001,0.33187199999999994
584,4.200489369999999,0.04769,0.9612,0.23267,0.029185000000000003,0.7173,0.331503
585,4.231489369999999,0.043536000000000005,0.93468,0.214771,0.029274,0.6373,0.32134599999999997
586,4.263489369999999,0.040724,0.9847300000000001,0.20676,0.029135,0.58295,0.299415
587,4.29448937,0.040109,1.08657,0.213464,0.028157,0.59029,0.277712
588,4.32648937,0.038089,1.16726,0.22760199999999997,0.027011,0.61426,0.271837
589,4.357489369999999,0.035232,1.19795,0.235553,0.026775,0.60026,0.28405800000000003
590,4.389489369999999,0.034722,1.20288,0.231858,0.028538,0.58237,0.294015
591,4.421489369999999,0.035962,1.1721499999999998,0.226938,0.031466,0.59223,0.289126
592,4.4524893699999994,0.037979,1.07741,0.227585,0.032901,0.60673,0.291601
593,4.4844893699999995,0.04207,0.98956,0.228148,0.030866,0.60625,0.30313100000000004
594,4.51548937,0.045483,0.96575,0.22716699999999998,0.027567999999999995,0.57473,0.304948
595,4.54748937,0.043484,0.9555899999999999,0.22650099999999998,0.025209,0.54079,0.293969
596,4.578489369999999,0.037072,0.9130900000000001,0.22739600000000004,0.023690000000000003,0.55103,0.283985
597,4.610489369999999,0.032542,0.88408,0.22746699999999997,0.023313,0.5902299999999999,0.285877
598,4.642489369999999,0.031212,0.9248999999999999,0.22310599999999997,0.023469,0.58732,0.284929
599,4.6734893699999995,0.030528999999999997,1.02401,0.22362900000000002,0.02279,0.5568200000000001,0.287669
600,4.70548937,0.029725999999999995,1.0712,0.23622699999999996,0.022939,0.54669,0.31549099999999997
601,4.73648937,0.02895,1.02904,0.25575400000000004,0.024985,0.5313,0.35669599999999996
602,4.76848937,0.031810000000000005,0.9622200000000001,0.263788,0.02502,0.49657,0.37198699999999996
603,4.80048937,0.038098,0.92815,0.257647,0.021822,0.47945,0.349668
604,4.831489369999999,0.039612999999999995,0.96445,0.25364699999999996,0.019645,0.49388,0.31785599999999997
605,4.863489369999999,0.034713,0.99829,0.24891400000000002,0.019434,0.52146,0.290576
606,4.89448937,0.029027,1.01607,0.240404,0.019603,0.5620800000000001,0.278244
607,4.92648937,0.025887,1.07681,0.237217,0.019785,0.5948,0.28983600000000004
608,4.95748937,0.024973,1.1168099999999999,0.23628000000000002,0.01917,0.57657,0.306541
609,4.98948937,0.026526,1.10446,0.234573,0.018269999999999998,0.52662,0.31348699999999996
610,5.02148937,0.029933,1.02948,0.23346399999999998,0.017875000000000002,0.48516000000000004,0.316693
611,5.052489369999999,0.031039999999999998,0.8872599999999999,0.23035399999999998,0.017626000000000003,0.44986000000000004,0.31127499999999997
612,5.084489369999999,0.027431,0.75292,0.23484599999999997,0.016919,0.42099,0.294665
613,5.11548937,0.023232999999999997,0.6942299999999999,0.254536,0.015306,0.41212,0.289253
614,5.14748937,0.021491999999999997,0.69739,0.262892,0.013589,0.39598999999999995,0.293155
615,5.17848937,0.019863,0.69184,0.238876,0.012685,0.35347,0.281781
616,5.21048937,0.018563,0.65787,0.21625400000000003,0.012854,0.33269000000000004,0.275011
617,5.24248937,0.019742000000000003,0.64526,0.22783699999999998,0.013271,0.35053999999999996,0.30211099999999996
618,5.273489369999999,0.023122000000000004,0.68853,0.24454599999999999,0.013027,0.37561999999999995,0.329523
619,5.305489369999999,0.025856999999999998,0.70921,0.23841199999999999,0.0127,0.36392,0.32452400000000003
620,5.33648937,0.025323000000000002,0.61819,0.228535,0.012955,0.30932,0.30724799999999997
621,5.36848937,0.021559000000000002,0.49393,0.22485,0.013113000000000001,0.27745000000000003,0.29385
622,5.40048937,0.016966000000000002,0.44272,0.213258,0.012335,0.29089,0.269412
623,5.43148937,0.013828,0.43899999999999995,0.18807200000000002,0.010866,0.29116000000000003,0.230851
624,5.4634893700000005,0.012737,0.45669999999999994,0.15956199999999998,0.010354000000000002,0.27588,0.20586300000000002
625,5.494489369999999,0.013611999999999999,0.56063,0.143753,0.011924,0.31332000000000004,0.20309700000000003
626,5.526489369999999,0.015986999999999998,0.77039,0.142977,0.0139,0.40640000000000004,0.21318399999999998
627,5.55748937,0.01776,0.91069,0.16924999999999998,0.013925,0.46433,0.250945
628,5.58948937,0.016569,0.85942,0.237271,0.011898,0.43413999999999997,0.323745
629,5.62148937,0.013689,0.72818,0.313791,0.009507,0.36219,0.39970700000000003
630,5.652489369999999,0.011373,0.58179,0.34004999999999996,0.008038,0.28190000000000004,0.423147
631,5.684489369999999,0.00972,0.41701,0.30150499999999997,0.007212,0.205894,0.36657
632,5.715489369999999,0.009371,0.29684,0.250399,0.0064280000000000006,0.174258,0.285684
633,5.747489369999999,0.01089,0.29279,0.248382,0.0064600000000000005,0.20894,0.27153900000000003
634,5.77848937,0.012507,0.37596,0.27808,0.007847999999999999,0.26595,0.313727
635,5.81048937,0.011949000000000001,0.45526,0.282344,0.009006,0.28919000000000006,0.339388
636,5.84248937,0.010016,0.50018,0.268264,0.008788,0.28686,0.345224
637,5.873489369999999,0.008365000000000001,0.53136,0.25952600000000003,0.0076809999999999995,0.27964,0.34613900000000003
638,5.905489369999999,0.00707,0.55677,0.262494,0.006729,0.27282,0.342194
639,5.936489369999999,0.006124999999999999,0.59934,0.274196,0.006516,0.28140000000000004,0.330351
640,5.9684893699999995,0.005960999999999999,0.6588400000000001,0.267859,0.0063479999999999995,0.29525999999999997,0.305875
641,6.0004893699999995,0.006317,0.63625,0.22374,0.0054446,0.27273000000000003,0.275768
642,6.03148937,0.0058292,0.48506000000000005,0.185802,0.0042097,0.21272900000000003,0.253767
643,6.06348937,0.0047708,0.31698000000000004,0.204639,0.0037551,0.15678,0.26181600000000005
644,6.094489369999999,0.0042316,0.214461,0.24741,0.0041340000000000005,0.119712,0.28927800000000004
645,6.126489369999999,0.0035668,0.144401,0.25505,0.0039493,0.086893,0.295249
646,6.1574893699999995,0.0025567000000000003,0.103905,0.224225,0.0028591,0.066724,0.26214499999999996
647,6.1894893699999995,0.0023156,0.10342,0.18301,0.0019812000000000002,0.067184,0.213788
648,6.22148937,0.0037610000000000005,0.109056,0.158397,0.0019267,0.070009,0.18512299999999998
649,6.25248937,0.0059686999999999995,0.099905,0.150284,0.0024263,0.066157,0.176728
650,6.28448937,0.006552,0.096603,0.17125,0.0029627,0.072977,0.20947300000000002
651,6.315489369999999,0.006070000000000001,0.112389,0.239729,0.003672,0.095893,0.311301
652,6.347489369999999,0.006274,0.128903,0.29070300000000004,0.0044333,0.113011,0.39858400000000005
653,6.37848937,0.0062959999999999995,0.130712,0.274269,0.0046142,0.110762,0.383165
654,6.41048937,0.005821,0.120622,0.22686199999999998,0.0041288,0.101563,0.30208599999999997
655,6.44248937,0.0054497,0.103474,0.186091,0.0033375,0.091484,0.226082
656,6.47348937,0.0048155,0.092987,0.16488499999999998,0.0029424,0.079378,0.187991
657,6.50548937,0.0045592,0.100603,0.18077700000000002,0.0033859,0.07643799999999999,0.211403
658,6.536489369999999,0.005368,0.11521599999999999,0.23558000000000004,0.0040799,0.08789,0.29859500000000005
659,6.568489369999999,0.006654,0.131127,0.32112,0.0045588,0.11182700000000001,0.43854899999999997
660,6.600489369999999,0.007581,0.15102300000000002,0.41261000000000003,0.0049454,0.142601,0.5729500000000001
661,6.63148937,0.008126,0.17336000000000001,0.484978,0.005297100000000001,0.170271,0.6258599999999999
662,6.66348937,0.009323999999999999,0.19013999999999998,0.52017,0.0061270000000000005,0.18586,0.60225
663,6.69448937,0.011193,0.195141,0.49825,0.007424,0.18690299999999999,0.55672
664,6.72648937,0.012301,0.19798,0.45491000000000004,0.008562,0.185897,0.5281199999999999
665,6.757489369999999,0.011553999999999998,0.200258,0.42718199999999995,0.008897,0.19335200000000002,0.51701
666,6.789489369999999,0.010790000000000001,0.20392100000000002,0.407918,0.008312,0.204499,0.5161
667,6.821489369999999,0.012423,0.22613099999999997,0.4191790000000001,0.008129,0.221509,0.54879
668,6.85248937,0.014946000000000001,0.263964,0.476519,0.008806,0.24619200000000002,0.62046
669,6.88448937,0.016265,0.29283000000000003,0.5321,0.009446,0.26681600000000005,0.6688400000000001
670,6.91548937,0.016686,0.30435,0.54383,0.009758,0.277807,0.6683500000000001
671,6.94748937,0.017309,0.30322499999999997,0.5181,0.009618000000000002,0.278005,0.63046
672,6.978489369999999,0.018317,0.28942,0.49406000000000005,0.009294,0.264869,0.58117
673,7.010489369999999,0.018582,0.27319,0.50361,0.009534,0.23792999999999997,0.5859099999999999
674,7.042489369999999,0.016812,0.25694,0.51585,0.009688,0.203841,0.62365
675,7.07348937,0.014027999999999999,0.238516,0.51574,0.009929,0.18719000000000002,0.6378400000000001
676,7.10548937,0.013304000000000002,0.23403800000000002,0.54856,0.011569,0.196793,0.65771
677,7.136489369999999,0.014620999999999999,0.24153000000000002,0.59063,0.013172999999999999,0.207305,0.6903
678,7.168489369999999,0.014983,0.23493799999999998,0.58019,0.012166,0.20420000000000002,0.6723
679,7.200489369999999,0.012832000000000001,0.1935,0.5041100000000001,0.00895,0.18011499999999997,0.5669299999999999
680,7.231489369999999,0.009891,0.139608,0.384503,0.00613,0.13610499999999998,0.421118
681,7.263489369999999,0.008232999999999999,0.105052,0.274104,0.005388,0.099163,0.320977
682,7.29448937,0.008150999999999999,0.086967,0.21963300000000002,0.006782,0.081315,0.288434
683,7.32648937,0.010209,0.082442,0.219556,0.010569,0.078913,0.304733
684,7.357489369999999,0.013491000000000001,0.097669,0.263658,0.015594,0.094306,0.36799899999999997
685,7.389489369999999,0.014942,0.11674699999999999,0.324169,0.01768,0.11390899999999998,0.43675700000000006
686,7.421489369999999,0.016358,0.12341400000000001,0.37878,0.018067,0.12349600000000001,0.49611
687,7.4524893699999994,0.021013,0.125996,0.44221,0.022021,0.130661,0.5924
688,7.4844893699999995,0.030275,0.14036800000000002,0.5221,0.030074,0.142599,0.71907
689,7.51548937,0.041575,0.167109,0.5928599999999999,0.037326,0.153916,0.80279
690,7.54748937,0.046458,0.18654400000000002,0.6354399999999999,0.041181999999999996,0.159813,0.82771
691,7.578489369999999,0.043484999999999996,0.181402,0.6644,0.044757000000000005,0.161661,0.8217700000000001
692,7.610489369999999,0.041388999999999995,0.165049,0.6959299999999999,0.05266,0.17111300000000002,0.8272100000000001
693,7.642489369999999,0.0426,0.156605,0.70272,0.06325,0.19134,0.8537700000000001
694,7.6734893699999995,0.042077,0.16057,0.67203,0.06807,0.20456999999999997,0.8495999999999999
695,7.70548937,0.037674,0.170475,0.62675,0.061328,0.19893,0.79048
696,7.73648937,0.035907999999999995,0.176858,0.57538,0.050483,0.18308900000000003,0.71892
697,7.76848937,0.045721,0.184674,0.55729,0.05031,0.174247,0.70326
698,7.80048937,0.061779999999999995,0.19754,0.60275,0.060149999999999995,0.182751,0.73109
699,7.831489369999999,0.06784000000000001,0.20862999999999998,0.6743100000000001,0.06514,0.20807099999999998,0.7620199999999999
700,7.863489369999999,0.059399999999999994,0.21283999999999997,0.72183,0.06043,0.232881,0.78938
701,7.89448937,0.047768,0.20923999999999998,0.71455,0.0542,0.23237000000000002,0.7674
702,7.92648937,0.040844000000000005,0.20489,0.6423099999999999,0.050314,0.21212999999999999,0.68679
703,7.95748937,0.040513,0.20984999999999998,0.56805,0.050467,0.20299999999999999,0.6584599999999999
704,7.98948937,0.043982999999999994,0.22288,0.56548,0.055901,0.21601,0.7303600000000001
705,8.021489370000001,0.045837,0.23411,0.60788,0.06348,0.23734000000000002,0.7957099999999999
706,8.05248937,0.04740900000000001,0.24339,0.6451300000000001,0.07046999999999999,0.25426,0.8010799999999999
707,8.08448937,0.05144,0.25839999999999996,0.68767,0.07642,0.26718,0.82918
708,8.115489369999999,0.055189999999999996,0.27183,0.72493,0.08058,0.27263,0.89504
709,8.147489369999999,0.0576,0.26993,0.7320800000000001,0.08658999999999999,0.26895,0.93905
710,8.179489369999999,0.06262,0.25427,0.7378,0.09795999999999999,0.25772,0.94527
711,8.210489370000001,0.06922,0.23687,0.74041,0.10554999999999999,0.23541,0.8958
712,8.242489370000001,0.07561,0.21632,0.7135800000000001,0.09847,0.20567000000000002,0.8023899999999999
713,8.27348937,0.08365,0.18853,0.68777,0.07826000000000001,0.188396,0.7500600000000001
714,8.30548937,0.08424,0.167733,0.67894,0.058640000000000005,0.188434,0.77067
715,8.336489369999999,0.06937,0.173394,0.67324,0.047255000000000005,0.191932,0.79114
716,8.368489369999999,0.053430000000000005,0.19789900000000002,0.67024,0.046847,0.196586,0.77217
717,8.400489369999999,0.05369,0.216117,0.66759,0.059219999999999995,0.20679699999999998,0.7387599999999999
718,8.431489370000001,0.07005,0.223902,0.67174,0.07657,0.2232,0.7172499999999999
719,8.463489370000001,0.08613,0.23269800000000002,0.67729,0.08637,0.23574,0.7196499999999999
720,8.49448937,0.08431,0.24546,0.69061,0.08507,0.23651,0.76029
721,8.52648937,0.06911,0.25742,0.7361500000000001,0.08007,0.23911,0.82971
722,8.557489369999999,0.05725,0.26678999999999997,0.7780400000000001,0.07817,0.25307,0.89429
723,8.589489369999999,0.054610000000000006,0.25451,0.7676200000000001,0.07366,0.26178,0.9151100000000001
724,8.621489369999999,0.057429999999999995,0.22341,0.7296499999999999,0.06502,0.26043,0.88262
725,8.652489369999998,0.058769999999999996,0.20815899999999998,0.70614,0.06305,0.25454,0.83344
726,8.684489369999998,0.0559,0.21280000000000004,0.69614,0.06895000000000001,0.24699,0.79797
727,8.71548937,0.05135000000000001,0.23039,0.6971799999999999,0.07067,0.24987,0.78137
728,8.74748937,0.046880000000000005,0.25783,0.71607,0.06330000000000001,0.26252,0.7949299999999999
729,8.77948937,0.043909000000000004,0.28328,0.7182899999999999,0.057659999999999996,0.27801,0.8146
730,8.810489369999999,0.041461,0.29968,0.6769799999999999,0.05678,0.299,0.80248
731,8.84248937,0.036736,0.29041,0.62584,0.052434,0.30331,0.75579
732,8.873489369999998,0.030393999999999997,0.25534999999999997,0.59859,0.045692,0.27295,0.69163
733,8.905489369999998,0.027784,0.22383999999999998,0.5757,0.040311,0.23714999999999997,0.6294299999999999
734,8.93648937,0.029815,0.20599,0.53931,0.036604000000000005,0.21532,0.57865
735,8.96848937,0.030934000000000003,0.18934,0.50121,0.034799,0.199998,0.53549
736,9.00048937,0.029089,0.167008,0.44903200000000004,0.032408,0.185417,0.47587999999999997
737,9.03148937,0.025212000000000002,0.130747,0.349336,0.025778000000000002,0.15626599999999996,0.375049
738,9.06348937,0.018162,0.08076,0.212463,0.015718,0.101993,0.245145
739,9.094489369999998,0.009139,0.038451,0.097945,0.007737000000000001,0.046342,0.131679
740,9.126489369999998,0.0030329999999999997,0.015039299999999999,0.0360909,0.0034752999999999997,0.0148323,0.0585393
741,9.15748937,0.0006952299999999999,0.00446445,0.010177640000000002,0.00118163,0.00350533,0.01868551
742,9.18948937,0.00010546099999999999,0.0008022000000000001,0.0017843490000000002,0.000227528,0.000553127,0.00344708
743,9.22148937,9.105e-06,7.439709999999999e-05,0.00016400705,2.16883e-05,4.8704299999999994e-05,0.00032227460000000004
744,9.25248937,3.96896e-07,3.326495e-06,7.310794e-06,9.79634e-07,2.13786e-06,1.4443690000000001e-05
745,9.28448937,8.25356e-09,6.976725e-08,1.5319413e-07,2.06226e-08,4.4558200000000005e-08,3.0314865999999997e-07
746,9.315489370000002,7.996253e-11,6.779287000000001e-10,1.4879977e-09,2.00712e-10,4.3195000000000004e-10,2.946095e-09
747,9.347489370000002,3.5714129999999997e-13,3.0306219999999994e-12,6.650104000000001e-12,8.97767e-13,1.92896e-12,1.3169438e-11
748,9.379489370000002,7.304565e-16,6.202705e-15,1.3610179999999999e-14,1.83792e-15,3.94642e-15,2.6956144e-14
749,9.41048937,7.1195507e-19,6.04522e-18,1.3266396000000001e-17,1.79141e-18,3.84614e-18,2.6272865999999996e-17
750,9.44248937,0.0,0.0,0.0,0.0,0.0,0.0
751,9.47348937,0.0,0.0,0.0,0.0,0.0,0.0
752,9.50548937,0.0,0.0,0.0,0.0,0.0,0.0
753,9.536489370000002,0.0,0.0,0.0,0.0,0.0,0.0
754,9.568489370000002,0.0,0.0,0.0,0.0,0.0,0.0
755,9.600489370000002,1.57567e-17,2.1048819999999997e-16,5.667423e-16,6.35555e-17,2.2355714e-16,5.746917999999999e-16
756,9.63148937,1.1669099999999999e-14,1.558656e-13,4.1972779999999996e-13,4.7067500000000004e-14,1.6555027e-13,4.2560668e-13
757,9.66348937,3.95581e-12,5.283132e-11,1.4226938000000002e-10,1.595166e-11,5.610964e-11,1.44265684e-10
758,9.69448937,6.14535e-10,8.210264e-09,2.2106049000000002e-08,2.479396e-09,8.719437e-09,2.2416791e-08
759,9.72648937,4.39623e-08,5.87278e-07,1.5812203e-06,1.773594e-07,6.236714e-07,1.60352985e-06
760,9.757489370000002,1.4550299999999998e-06,1.943635e-05,5.233252e-05,5.8691499999999995e-06,2.0642288e-05,5.3065983e-05
761,9.789489370000002,2.2416e-05,0.0002993796,0.0008061885,9.04036e-05,0.00031798199999999997,0.00081750479
762,9.821489370000002,0.00016170300000000002,0.002159934,0.005816300999999999,0.000652172,0.0022937428,0.0058973098
763,9.85248937,0.000549499,0.007340974,0.019766108,0.002216238,0.007796274000000001,0.020043642
764,9.88448937,0.000883656,0.011804036,0.031785850000000004,0.003564729,0.01253765,0.032231314
765,9.91548937,0.000673684,0.00899924,0.024230202,0.00271709,0.009556532999999999,0.024570617000000003
766,9.94748937,0.000243192,0.003248297,0.008747030999999999,0.000980808,0.0034500803,0.0088697876
767,9.97948937,4.141390000000001e-05,0.0005531689,0.0014894919999999998,0.0001670504,0.000587515,0.0015103691100000001
768,10.010489370000002,3.3088e-06,4.419086e-05,0.00011900183,1.334331e-05,4.6944105000000004e-05,0.000120664825
769,10.042489370000002,1.23224e-07,1.6459970000000001e-06,4.432187e-06,4.96983e-07,1.7480763e-06,4.4943228e-06
770,10.07348937,2.12722e-09,2.8406939999999998e-08,7.648828e-08,8.57743e-09,3.0168269999999996e-08,7.7568595e-08
771,10.10548937,1.6918699999999997e-11,2.260086e-10,6.085469e-10,6.82359e-11,2.4005698e-10,6.1712958e-10
772,10.13648937,6.17589e-14,8.250016e-13,2.2215773e-12,2.491734e-13,8.762539000000001e-13,2.2528247e-12
773,10.16848937,1.0314000000000001e-16,1.377796e-15,3.710041e-15,4.159214e-16,1.4632144e-15,3.7619209e-15
774,10.20048937,0.0,0.0,0.0,0.0,0.0,0.0
775,10.231489370000002,0.0,0.0,0.0,0.0,0.0,0.0
776,10.263489370000002,0.0,0.0,0.0,0.0,0.0,0.0
777,10.29448937,0.0,0.0,0.0,0.0,0.0,0.0
778,10.326489370000001,0.0,0.0,0.0,0.0,0.0,0.0
779,10.35748937,0.0,0.0,0.0,0.0,0.0,0.0
780,10.38948937,0.0,0.0,0.0,0.0,0.0,0.0
781,10.42148937,0.0,0.0,0.0,0.0,0.0,0.0
782,10.452489370000002,0.0,0.0,0.0,0.0,0.0,0.0
783,10.484489370000002,0.0,0.0,0.0,0.0,0.0,0.0
784,10.515489370000001,0.0,0.0,0.0,0.0,0.0,0.0
785,10.547489370000001,0.0,0.0,0.0,0.0,0.0,0.0
786,10.579489370000001,0.0,0.0,0.0,0.0,0.0,0.0
787,10.61048937,0.0,0.0,0.0,0.0,0.0,0.0
788,10.64248937,0.0,0.0,0.0,0.0,0.0,0.0
789,10.673489370000002,0.0,0.0,0.0,0.0,0.0,0.0
790,10.705489370000002,0.0,0.0,0.0,0.0,0.0,0.0
791,10.736489370000001,0.0,0.0,0.0,0.0,0.0,0.0
792,10.768489370000001,0.0,0.0,0.0,0.0,0.0,0.0
793,10.800489370000001,0.0,0.0,0.0,0.0,0.0,0.0
794,10.83148937,0.0,0.0,0.0,0.0,0.0,0.0
795,10.86348937,0.0,0.0,0.0,0.0,0.0,0.0
796,10.894489369999999,0.0,0.0,0.0,0.0,0.0,0.0
797,10.926489369999999,0.0,0.0,0.0,0.0,0.0,0.0
798,10.957489370000001,0.0,0.0,0.0,0.0,0.0,0.0
799,10.989489370000001,0.0,0.0,0.0,0.0,0.0,0.0
800,11.021489370000001,0.0,0.0,0.0,0.0,0.0,0.0
